-- MySQL dump 10.13  Distrib 8.0.27, for Linux (x86_64)
--
-- Host: 127.0.0.1    Database: WebApp
-- ------------------------------------------------------
-- Server version	5.7.36

/*!40101 SET @OLD_CHARACTER_SET_CLIENT=@@CHARACTER_SET_CLIENT */;
/*!40101 SET @OLD_CHARACTER_SET_RESULTS=@@CHARACTER_SET_RESULTS */;
/*!40101 SET @OLD_COLLATION_CONNECTION=@@COLLATION_CONNECTION */;
/*!50503 SET NAMES utf8 */;
/*!40103 SET @OLD_TIME_ZONE=@@TIME_ZONE */;
/*!40103 SET TIME_ZONE='+00:00' */;
/*!40014 SET @OLD_UNIQUE_CHECKS=@@UNIQUE_CHECKS, UNIQUE_CHECKS=0 */;
/*!40014 SET @OLD_FOREIGN_KEY_CHECKS=@@FOREIGN_KEY_CHECKS, FOREIGN_KEY_CHECKS=0 */;
/*!40101 SET @OLD_SQL_MODE=@@SQL_MODE, SQL_MODE='NO_AUTO_VALUE_ON_ZERO' */;
/*!40111 SET @OLD_SQL_NOTES=@@SQL_NOTES, SQL_NOTES=0 */;

--
-- Table structure for table `categories`
--

DROP TABLE IF EXISTS `categories`;
/*!40101 SET @saved_cs_client     = @@character_set_client */;
/*!50503 SET character_set_client = utf8mb4 */;
CREATE TABLE `categories` (
  `id` int(11) NOT NULL AUTO_INCREMENT,
  `name` varchar(45) NOT NULL,
  PRIMARY KEY (`id`)
) ENGINE=InnoDB AUTO_INCREMENT=6 DEFAULT CHARSET=latin1;
/*!40101 SET character_set_client = @saved_cs_client */;

--
-- Dumping data for table `categories`
--

LOCK TABLES `categories` WRITE;
/*!40000 ALTER TABLE `categories` DISABLE KEYS */;
INSERT INTO `categories` VALUES (1,'chair'),(2,'lamp'),(3,'table'),(4,'sofa'),(5,'kitchen stuff');
/*!40000 ALTER TABLE `categories` ENABLE KEYS */;
UNLOCK TABLES;

--
-- Table structure for table `countries`
--

DROP TABLE IF EXISTS `countries`;
/*!40101 SET @saved_cs_client     = @@character_set_client */;
/*!50503 SET character_set_client = utf8mb4 */;
CREATE TABLE `countries` (
  `id` int(10) unsigned NOT NULL AUTO_INCREMENT,
  `code` varchar(2) NOT NULL,
  `name` varchar(255) NOT NULL,
  PRIMARY KEY (`id`),
  UNIQUE KEY `id_UNIQUE` (`id`)
) ENGINE=InnoDB AUTO_INCREMENT=251 DEFAULT CHARSET=latin1;
/*!40101 SET character_set_client = @saved_cs_client */;

--
-- Dumping data for table `countries`
--

LOCK TABLES `countries` WRITE;
/*!40000 ALTER TABLE `countries` DISABLE KEYS */;
INSERT INTO `countries` VALUES (1,'AD','Andorra'),(2,'AE','United Arab Emirates'),(3,'AF','Afghanistan'),(4,'AG','Antigua and Barbuda'),(5,'AI','Anguilla'),(6,'AL','Albania'),(7,'AM','Armenia'),(8,'AO','Angola'),(9,'AQ','Antarctica'),(10,'AR','Argentina'),(11,'AS','American Samoa'),(12,'AT','Austria'),(13,'AU','Australia'),(14,'AW','Aruba'),(15,'AX','Åland'),(16,'AZ','Azerbaijan'),(17,'BA','Bosnia and Herzegovina'),(18,'BB','Barbados'),(19,'BD','Bangladesh'),(20,'BE','Belgium'),(21,'BF','Burkina Faso'),(22,'BG','Bulgaria'),(23,'BH','Bahrain'),(24,'BI','Burundi'),(25,'BJ','Benin'),(26,'BL','Saint Barthélemy'),(27,'BM','Bermuda'),(28,'BN','Brunei'),(29,'BO','Bolivia'),(30,'BQ','Bonaire'),(31,'BR','Brazil'),(32,'BS','Bahamas'),(33,'BT','Bhutan'),(34,'BV','Bouvet Island'),(35,'BW','Botswana'),(36,'BY','Belarus'),(37,'BZ','Belize'),(38,'CA','Canada'),(39,'CC','Cocos [Keeling] Islands'),(40,'CD','Democratic Republic of the Congo'),(41,'CF','Central African Republic'),(42,'CG','Republic of the Congo'),(43,'CH','Switzerland'),(44,'CI','Ivory Coast'),(45,'CK','Cook Islands'),(46,'CL','Chile'),(47,'CM','Cameroon'),(48,'CN','China'),(49,'CO','Colombia'),(50,'CR','Costa Rica'),(51,'CU','Cuba'),(52,'CV','Cape Verde'),(53,'CW','Curacao'),(54,'CX','Christmas Island'),(55,'CY','Cyprus'),(56,'CZ','Czechia'),(57,'DE','Germany'),(58,'DJ','Djibouti'),(59,'DK','Denmark'),(60,'DM','Dominica'),(61,'DO','Dominican Republic'),(62,'DZ','Algeria'),(63,'EC','Ecuador'),(64,'EE','Estonia'),(65,'EG','Egypt'),(66,'EH','Western Sahara'),(67,'ER','Eritrea'),(68,'ES','Spain'),(69,'ET','Ethiopia'),(70,'FI','Finland'),(71,'FJ','Fiji'),(72,'FK','Falkland Islands'),(73,'FM','Micronesia'),(74,'FO','Faroe Islands'),(75,'FR','France'),(76,'GA','Gabon'),(77,'GB','United Kingdom'),(78,'GD','Grenada'),(79,'GE','Georgia'),(80,'GF','French Guiana'),(81,'GG','Guernsey'),(82,'GH','Ghana'),(83,'GI','Gibraltar'),(84,'GL','Greenland'),(85,'GM','Gambia'),(86,'GN','Guinea'),(87,'GP','Guadeloupe'),(88,'GQ','Equatorial Guinea'),(89,'GR','Greece'),(90,'GS','South Georgia and the South Sandwich Islands'),(91,'GT','Guatemala'),(92,'GU','Guam'),(93,'GW','Guinea-Bissau'),(94,'GY','Guyana'),(95,'HK','Hong Kong'),(96,'HM','Heard Island and McDonald Islands'),(97,'HN','Honduras'),(98,'HR','Croatia'),(99,'HT','Haiti'),(100,'HU','Hungary'),(101,'ID','Indonesia'),(102,'IE','Ireland'),(103,'IL','Israel'),(104,'IM','Isle of Man'),(105,'IN','India'),(106,'IO','British Indian Ocean Territory'),(107,'IQ','Iraq'),(108,'IR','Iran'),(109,'IS','Iceland'),(110,'IT','Italy'),(111,'JE','Jersey'),(112,'JM','Jamaica'),(113,'JO','Jordan'),(114,'JP','Japan'),(115,'KE','Kenya'),(116,'KG','Kyrgyzstan'),(117,'KH','Cambodia'),(118,'KI','Kiribati'),(119,'KM','Comoros'),(120,'KN','Saint Kitts and Nevis'),(121,'KP','North Korea'),(122,'KR','South Korea'),(123,'KW','Kuwait'),(124,'KY','Cayman Islands'),(125,'KZ','Kazakhstan'),(126,'LA','Laos'),(127,'LB','Lebanon'),(128,'LC','Saint Lucia'),(129,'LI','Liechtenstein'),(130,'LK','Sri Lanka'),(131,'LR','Liberia'),(132,'LS','Lesotho'),(133,'LT','Lithuania'),(134,'LU','Luxembourg'),(135,'LV','Latvia'),(136,'LY','Libya'),(137,'MA','Morocco'),(138,'MC','Monaco'),(139,'MD','Moldova'),(140,'ME','Montenegro'),(141,'MF','Saint Martin'),(142,'MG','Madagascar'),(143,'MH','Marshall Islands'),(144,'MK','Macedonia'),(145,'ML','Mali'),(146,'MM','Myanmar [Burma]'),(147,'MN','Mongolia'),(148,'MO','Macao'),(149,'MP','Northern Mariana Islands'),(150,'MQ','Martinique'),(151,'MR','Mauritania'),(152,'MS','Montserrat'),(153,'MT','Malta'),(154,'MU','Mauritius'),(155,'MV','Maldives'),(156,'MW','Malawi'),(157,'MX','Mexico'),(158,'MY','Malaysia'),(159,'MZ','Mozambique'),(160,'NA','Namibia'),(161,'NC','New Caledonia'),(162,'NE','Niger'),(163,'NF','Norfolk Island'),(164,'NG','Nigeria'),(165,'NI','Nicaragua'),(166,'NL','Netherlands'),(167,'NO','Norway'),(168,'NP','Nepal'),(169,'NR','Nauru'),(170,'NU','Niue'),(171,'NZ','New Zealand'),(172,'OM','Oman'),(173,'PA','Panama'),(174,'PE','Peru'),(175,'PF','French Polynesia'),(176,'PG','Papua New Guinea'),(177,'PH','Philippines'),(178,'PK','Pakistan'),(179,'PL','Poland'),(180,'PM','Saint Pierre and Miquelon'),(181,'PN','Pitcairn Islands'),(182,'PR','Puerto Rico'),(183,'PS','Palestine'),(184,'PT','Portugal'),(185,'PW','Palau'),(186,'PY','Paraguay'),(187,'QA','Qatar'),(188,'RE','Réunion'),(189,'RO','Romania'),(190,'RS','Serbia'),(191,'RU','Russia'),(192,'RW','Rwanda'),(193,'SA','Saudi Arabia'),(194,'SB','Solomon Islands'),(195,'SC','Seychelles'),(196,'SD','Sudan'),(197,'SE','Sweden'),(198,'SG','Singapore'),(199,'SH','Saint Helena'),(200,'SI','Slovenia'),(201,'SJ','Svalbard and Jan Mayen'),(202,'SK','Slovakia'),(203,'SL','Sierra Leone'),(204,'SM','San Marino'),(205,'SN','Senegal'),(206,'SO','Somalia'),(207,'SR','Suriname'),(208,'SS','South Sudan'),(209,'ST','São Tomé and Príncipe'),(210,'SV','El Salvador'),(211,'SX','Sint Maarten'),(212,'SY','Syria'),(213,'SZ','Swaziland'),(214,'TC','Turks and Caicos Islands'),(215,'TD','Chad'),(216,'TF','French Southern Territories'),(217,'TG','Togo'),(218,'TH','Thailand'),(219,'TJ','Tajikistan'),(220,'TK','Tokelau'),(221,'TL','East Timor'),(222,'TM','Turkmenistan'),(223,'TN','Tunisia'),(224,'TO','Tonga'),(225,'TR','Turkey'),(226,'TT','Trinidad and Tobago'),(227,'TV','Tuvalu'),(228,'TW','Taiwan'),(229,'TZ','Tanzania'),(230,'UA','Ukraine'),(231,'UG','Uganda'),(232,'UM','U.S. Minor Outlying Islands'),(233,'US','United States'),(234,'UY','Uruguay'),(235,'UZ','Uzbekistan'),(236,'VA','Vatican City'),(237,'VC','Saint Vincent and the Grenadines'),(238,'VE','Venezuela'),(239,'VG','British Virgin Islands'),(240,'VI','U.S. Virgin Islands'),(241,'VN','Vietnam'),(242,'VU','Vanuatu'),(243,'WF','Wallis and Futuna'),(244,'WS','Samoa'),(245,'XK','Kosovo'),(246,'YE','Yemen'),(247,'YT','Mayotte'),(248,'ZA','South Africa'),(249,'ZM','Zambia'),(250,'ZW','Zimbabwe');
/*!40000 ALTER TABLE `countries` ENABLE KEYS */;
UNLOCK TABLES;

--
-- Table structure for table `products`
--

DROP TABLE IF EXISTS `products`;
/*!40101 SET @saved_cs_client     = @@character_set_client */;
/*!50503 SET character_set_client = utf8mb4 */;
CREATE TABLE `products` (
  `id` int(11) NOT NULL AUTO_INCREMENT,
  `name` varchar(45) NOT NULL,
  `price` float NOT NULL,
  `image_url` varchar(100) NOT NULL,
  `category_id` int(11) NOT NULL,
  `description` varchar(120) DEFAULT NULL,
  PRIMARY KEY (`id`)
) ENGINE=InnoDB AUTO_INCREMENT=10 DEFAULT CHARSET=latin1;
/*!40101 SET character_set_client = @saved_cs_client */;

--
-- Dumping data for table `products`
--

LOCK TABLES `products` WRITE;
/*!40000 ALTER TABLE `products` DISABLE KEYS */;
INSERT INTO `products` VALUES (1,'Mia Fabric Dining Chair',2770000,'01_fsyxwn.jpg',1,''),(2,'Silver fork and spoon',549999,'08_k6alie.jpg',5,''),(3,'Wooden fork',209999,'04_pxfgew.jpg',5,NULL),(4,'Jaden Dining Chair',649999,'03_miifx4.jpg',1,NULL),(5,'Sadie Woven Pendant',919999,'07_qefkzq.jpg',2,NULL),(6,'Prague Boucle Modular Sofa',5120000,'05_cpoh8y.jpg',4,NULL),(7,'Oia Marble Bedside Table',1520000,'09_j0aibw.jpg',3,NULL),(8,'Lake Lounge Chair',1230000,'02_iwk1uk.jpg',1,NULL),(9,'Margot 3 Seater Sofa',3820000,'06_ftq8en.jpg',4,NULL);
/*!40000 ALTER TABLE `products` ENABLE KEYS */;
UNLOCK TABLES;

--
-- Table structure for table `roles`
--

DROP TABLE IF EXISTS `roles`;
/*!40101 SET @saved_cs_client     = @@character_set_client */;
/*!50503 SET character_set_client = utf8mb4 */;
CREATE TABLE `roles` (
  `id` int(11) NOT NULL AUTO_INCREMENT,
  `name` varchar(45) DEFAULT NULL,
  PRIMARY KEY (`id`)
) ENGINE=InnoDB AUTO_INCREMENT=3 DEFAULT CHARSET=latin1;
/*!40101 SET character_set_client = @saved_cs_client */;

--
-- Dumping data for table `roles`
--

LOCK TABLES `roles` WRITE;
/*!40000 ALTER TABLE `roles` DISABLE KEYS */;
INSERT INTO `roles` VALUES (1,'admin'),(2,'member');
/*!40000 ALTER TABLE `roles` ENABLE KEYS */;
UNLOCK TABLES;

--
-- Table structure for table `transaction_details`
--

DROP TABLE IF EXISTS `transaction_details`;
/*!40101 SET @saved_cs_client     = @@character_set_client */;
/*!50503 SET character_set_client = utf8mb4 */;
CREATE TABLE `transaction_details` (
  `id` int(11) NOT NULL AUTO_INCREMENT,
  `transaction_code` varchar(15) NOT NULL,
  `product_id` int(11) NOT NULL,
  `quantity` int(11) NOT NULL,
  `subtotal` float NOT NULL,
  `status` int(11) NOT NULL DEFAULT '1',
  `created_at` timestamp NOT NULL DEFAULT CURRENT_TIMESTAMP,
  PRIMARY KEY (`id`)
) ENGINE=InnoDB AUTO_INCREMENT=9 DEFAULT CHARSET=latin1;
/*!40101 SET character_set_client = @saved_cs_client */;

--
-- Dumping data for table `transaction_details`
--

LOCK TABLES `transaction_details` WRITE;
/*!40000 ALTER TABLE `transaction_details` DISABLE KEYS */;
INSERT INTO `transaction_details` VALUES (1,'EU_LM0BGJ22',1,1,2770000,2,'2022-07-07 09:09:51'),(2,'EU_LM0BGJ22',2,1,549999,2,'2022-07-07 09:09:51'),(3,'EU_0V7Z4L22',3,1,209999,3,'2022-07-07 09:11:03'),(4,'EU_0V7Z4L22',7,1,1520000,3,'2022-07-07 09:11:03'),(5,'EU_0V7Z4L22',6,1,5120000,3,'2022-07-07 09:11:03'),(6,'EU_4586PM22',3,1,209999,4,'2022-07-07 09:11:23'),(7,'EU_4586PM22',5,1,919999,4,'2022-07-07 09:11:23'),(8,'EU_12DCYJ22',7,1,1520000,1,'2022-07-07 09:11:58');
/*!40000 ALTER TABLE `transaction_details` ENABLE KEYS */;
UNLOCK TABLES;

--
-- Table structure for table `transaction_statuses`
--

DROP TABLE IF EXISTS `transaction_statuses`;
/*!40101 SET @saved_cs_client     = @@character_set_client */;
/*!50503 SET character_set_client = utf8mb4 */;
CREATE TABLE `transaction_statuses` (
  `id` int(11) NOT NULL AUTO_INCREMENT,
  `name` varchar(45) NOT NULL,
  PRIMARY KEY (`id`)
) ENGINE=InnoDB AUTO_INCREMENT=5 DEFAULT CHARSET=latin1;
/*!40101 SET character_set_client = @saved_cs_client */;

--
-- Dumping data for table `transaction_statuses`
--

LOCK TABLES `transaction_statuses` WRITE;
/*!40000 ALTER TABLE `transaction_statuses` DISABLE KEYS */;
INSERT INTO `transaction_statuses` VALUES (1,'pending'),(2,'waiting confirm'),(3,'success'),(4,'cancel');
/*!40000 ALTER TABLE `transaction_statuses` ENABLE KEYS */;
UNLOCK TABLES;

--
-- Table structure for table `transactions`
--

DROP TABLE IF EXISTS `transactions`;
/*!40101 SET @saved_cs_client     = @@character_set_client */;
/*!50503 SET character_set_client = utf8mb4 */;
CREATE TABLE `transactions` (
  `id` int(11) NOT NULL AUTO_INCREMENT,
  `code` varchar(15) NOT NULL,
  `user_id` int(11) NOT NULL,
  `address_id` int(11) NOT NULL,
  `grand_total` double NOT NULL,
  `tax` float NOT NULL,
  `shipping_fee` float NOT NULL,
  `status` int(11) NOT NULL DEFAULT '1',
  `created_at` timestamp NOT NULL DEFAULT CURRENT_TIMESTAMP,
  `updated_at` timestamp NOT NULL DEFAULT CURRENT_TIMESTAMP ON UPDATE CURRENT_TIMESTAMP,
  PRIMARY KEY (`id`,`code`),
  UNIQUE KEY `id_UNIQUE` (`id`),
  UNIQUE KEY `code_UNIQUE` (`code`)
) ENGINE=InnoDB AUTO_INCREMENT=5 DEFAULT CHARSET=latin1;
/*!40101 SET character_set_client = @saved_cs_client */;

--
-- Dumping data for table `transactions`
--

LOCK TABLES `transactions` WRITE;
/*!40000 ALTER TABLE `transactions` DISABLE KEYS */;
INSERT INTO `transactions` VALUES (1,'EU_LM0BGJ22',7,3,3851999,332000,200000,2,'2022-07-07 09:09:51','2022-07-07 09:09:53'),(2,'EU_0V7Z4L22',7,3,7734999,685000,200000,3,'2022-07-07 09:11:03','2022-07-07 09:12:09'),(3,'EU_4586PM22',7,3,1442998,113000,200000,4,'2022-07-07 09:11:23','2022-07-07 09:11:28'),(4,'EU_12DCYJ22',7,3,1872000,152000,200000,1,'2022-07-07 09:11:58','2022-07-07 09:11:58');
/*!40000 ALTER TABLE `transactions` ENABLE KEYS */;
UNLOCK TABLES;

--
-- Table structure for table `user_cart`
--

DROP TABLE IF EXISTS `user_cart`;
/*!40101 SET @saved_cs_client     = @@character_set_client */;
/*!50503 SET character_set_client = utf8mb4 */;
CREATE TABLE `user_cart` (
  `id` int(11) NOT NULL AUTO_INCREMENT,
  `user_id` int(11) NOT NULL,
  `product_id` int(11) NOT NULL,
  `quantity` int(11) NOT NULL,
  `subtotal` int(11) NOT NULL,
  PRIMARY KEY (`id`)
) ENGINE=InnoDB AUTO_INCREMENT=9 DEFAULT CHARSET=latin1;
/*!40101 SET character_set_client = @saved_cs_client */;

--
-- Dumping data for table `user_cart`
--

LOCK TABLES `user_cart` WRITE;
/*!40000 ALTER TABLE `user_cart` DISABLE KEYS */;
/*!40000 ALTER TABLE `user_cart` ENABLE KEYS */;
UNLOCK TABLES;

--
-- Table structure for table `user_detail`
--

DROP TABLE IF EXISTS `user_detail`;
/*!40101 SET @saved_cs_client     = @@character_set_client */;
/*!50503 SET character_set_client = utf8mb4 */;
CREATE TABLE `user_detail` (
  `id` int(11) NOT NULL AUTO_INCREMENT,
  `user_id` int(11) NOT NULL,
  `recipient` varchar(50) NOT NULL,
  `title_address` varchar(45) NOT NULL,
  `phone_no` varchar(15) NOT NULL,
  `address` tinytext NOT NULL,
  `city` varchar(45) NOT NULL,
  `country` varchar(45) NOT NULL,
  `postal_code` int(11) NOT NULL,
  `is_main` tinyint(4) NOT NULL DEFAULT '0',
  PRIMARY KEY (`id`),
  UNIQUE KEY `id_UNIQUE` (`id`)
) ENGINE=InnoDB AUTO_INCREMENT=4 DEFAULT CHARSET=latin1;
/*!40101 SET character_set_client = @saved_cs_client */;

--
-- Dumping data for table `user_detail`
--

LOCK TABLES `user_detail` WRITE;
/*!40000 ALTER TABLE `user_detail` DISABLE KEYS */;
INSERT INTO `user_detail` VALUES (1,6,'Arya','Rumah','089657363412','Jl.Padma, Hunian Beteng Sari','Denpasar, Denpasar Utara','ID',80237,1),(2,6,'Arya','Kantor','0895374342','Gg. Titi batu','Denpasar Timur, Denpasar, Bali','ID',80132,0),(3,7,'Komang Arya','Home','09029393423','Jl.Padma','Denpasar Utara, Denpasar, Bali','ID',80323,1);
/*!40000 ALTER TABLE `user_detail` ENABLE KEYS */;
UNLOCK TABLES;

--
-- Table structure for table `user_spend`
--

DROP TABLE IF EXISTS `user_spend`;
/*!40101 SET @saved_cs_client     = @@character_set_client */;
/*!50503 SET character_set_client = utf8mb4 */;
CREATE TABLE `user_spend` (
  `id` int(11) NOT NULL AUTO_INCREMENT,
  `user_id` int(11) NOT NULL,
  `spend` double NOT NULL,
  PRIMARY KEY (`id`),
  UNIQUE KEY `user_id_UNIQUE` (`user_id`)
) ENGINE=InnoDB AUTO_INCREMENT=2 DEFAULT CHARSET=latin1;
/*!40101 SET character_set_client = @saved_cs_client */;

--
-- Dumping data for table `user_spend`
--

LOCK TABLES `user_spend` WRITE;
/*!40000 ALTER TABLE `user_spend` DISABLE KEYS */;
INSERT INTO `user_spend` VALUES (1,7,6849999);
/*!40000 ALTER TABLE `user_spend` ENABLE KEYS */;
UNLOCK TABLES;

--
-- Table structure for table `user_wishlist`
--

DROP TABLE IF EXISTS `user_wishlist`;
/*!40101 SET @saved_cs_client     = @@character_set_client */;
/*!50503 SET character_set_client = utf8mb4 */;
CREATE TABLE `user_wishlist` (
  `id` int(11) NOT NULL AUTO_INCREMENT,
  `user_id` int(11) NOT NULL,
  `product_id` int(11) NOT NULL,
  PRIMARY KEY (`id`)
) ENGINE=InnoDB AUTO_INCREMENT=4 DEFAULT CHARSET=latin1;
/*!40101 SET character_set_client = @saved_cs_client */;

--
-- Dumping data for table `user_wishlist`
--

LOCK TABLES `user_wishlist` WRITE;
/*!40000 ALTER TABLE `user_wishlist` DISABLE KEYS */;
INSERT INTO `user_wishlist` VALUES (1,7,1),(3,7,2);
/*!40000 ALTER TABLE `user_wishlist` ENABLE KEYS */;
UNLOCK TABLES;

--
-- Table structure for table `users`
--

DROP TABLE IF EXISTS `users`;
/*!40101 SET @saved_cs_client     = @@character_set_client */;
/*!50503 SET character_set_client = utf8mb4 */;
CREATE TABLE `users` (
  `id` int(11) NOT NULL AUTO_INCREMENT,
  `name` varchar(100) NOT NULL,
  `role_id` tinyint(2) NOT NULL,
  `email` varchar(60) NOT NULL,
  `password` varchar(120) NOT NULL,
  `created_at` timestamp NOT NULL DEFAULT CURRENT_TIMESTAMP,
  PRIMARY KEY (`id`)
) ENGINE=InnoDB AUTO_INCREMENT=8 DEFAULT CHARSET=latin1;
/*!40101 SET character_set_client = @saved_cs_client */;

--
-- Dumping data for table `users`
--

LOCK TABLES `users` WRITE;
/*!40000 ALTER TABLE `users` DISABLE KEYS */;
INSERT INTO `users` VALUES (6,'Komang Arya',1,'komang@gmail.com','$2y$10$CKbq.cI/ukIckCObSZkRoedJbSABB6wk.7QmP.6YN/VctSb8INc7K','2022-07-02 17:03:25'),(7,'Komang member',2,'member@gmail.com','$2y$10$MawyDyrOoQSOX79hQVj1suC8cVuTHeZQhgpKHPNhHk.DYrAuOrRx2','2022-07-02 17:03:25');
/*!40000 ALTER TABLE `users` ENABLE KEYS */;
UNLOCK TABLES;
/*!40103 SET TIME_ZONE=@OLD_TIME_ZONE */;

/*!40101 SET SQL_MODE=@OLD_SQL_MODE */;
/*!40014 SET FOREIGN_KEY_CHECKS=@OLD_FOREIGN_KEY_CHECKS */;
/*!40014 SET UNIQUE_CHECKS=@OLD_UNIQUE_CHECKS */;
/*!40101 SET CHARACTER_SET_CLIENT=@OLD_CHARACTER_SET_CLIENT */;
/*!40101 SET CHARACTER_SET_RESULTS=@OLD_CHARACTER_SET_RESULTS */;
/*!40101 SET COLLATION_CONNECTION=@OLD_COLLATION_CONNECTION */;
/*!40111 SET SQL_NOTES=@OLD_SQL_NOTES */;

-- Dump completed on 2022-07-07 17:16:36
